{
    "identity": {
        "website": "https://www.yakult.com"
    },
    "pages_checked": {
        "homepage": "not found",
        "/about": "not found",
        "/about-us": "not found",
        "/products": "not found",
        "/science": "not found",
        "/research": "not found",
        "/r-and-d": "not found",
        "/contact": "not found"
    },
    "probiotic_signals": {
        "keyword_frequency": {
            "probiotic": 0,
            "lactobacillus": 0,
            "bifidobacterium": 0,
            "gut health": 0,
            "digestive": 0,
            "live culture": 0,
            "fermented": 0
        },
        "mentions_probiotics": false
    },
    "contact_info": {
        "emails": "not found"
    },
    "metadata": {
        "scrape_time": "2025-12-25T23:53:53.806009"
    }
}